,component_id,component_connection_type
0,C-0007,['B-001']
1,C-0030,[]
2,C-0041,['B-002']
3,C-0043,['B-002']
4,C-0044,['B-002']
5,C-0069,['B-002']
6,C-0070,['B-002']
7,C-0072,['B-002']
8,C-0073,['B-002']
9,C-0074,['B-002']
10,C-0077,['B-002']
11,C-0078,['B-002']
12,C-0119,['B-003']
13,C-0133,['B-002']
14,C-0159,['B-002']
15,C-0173,['B-005']
16,C-0178,['B-004']
17,C-0179,['B-002']
18,C-0180,['B-002']
19,C-0181,['B-002']
20,C-0182,['B-002']
21,C-0189,['B-002']
22,C-0210,['B-002']
23,C-0211,['B-002']
24,C-0212,['B-002']
25,C-0216,['B-005']
26,C-0217,['B-005']
27,C-0218,['B-005']
28,C-0223,['B-002']
29,C-0240,['B-002']
30,C-0253,['B-002']
31,C-0263,['B-002']
32,C-0264,['B-002']
33,C-0272,['B-002']
34,C-0318,['B-002']
35,C-0338,['B-002']
36,C-0339,['B-002']
37,C-0363,['B-002']
38,C-0369,"['B-002', 'B-002']"
39,C-0371,"['B-002', 'B-002']"
40,C-0386,['B-002']
41,C-0388,['B-002']
42,C-0389,['B-002']
43,C-0399,['B-002']
44,C-0409,['B-002']
45,C-0410,['B-002']
46,C-0413,['B-002']
47,C-0414,['B-002']
48,C-0415,['B-002']
49,C-0417,['B-002']
50,C-0418,['B-002']
51,C-0419,['B-002']
52,C-0420,['B-002']
53,C-0421,['B-002']
54,C-0487,"['B-002', 'B-002']"
55,C-0488,"['B-002', 'B-002']"
56,C-0503,['B-002']
57,C-0518,['B-002']
58,C-0521,['B-002']
59,C-0545,['B-002']
60,C-0550,['B-002']
61,C-0584,['B-002']
62,C-0596,['B-002']
63,C-0600,"['B-002', 'B-002']"
64,C-0605,"['B-005', 'B-002', 'B-002']"
65,C-0607,"['B-002', 'B-002']"
66,C-0638,['B-002']
67,C-0651,['B-004']
68,C-0683,['B-002']
69,C-0702,['B-002']
70,C-0740,['B-002']
71,C-0768,"['B-002', 'B-002']"
72,C-0769,['B-002']
73,C-0775,['B-002']
74,C-0805,"['B-002', 'B-002']"
75,C-0806,"['B-002', 'B-002']"
76,C-0807,"['B-002', 'B-002']"
77,C-0826,['B-001']
78,C-0832,['B-001']
79,C-0833,['B-001']
80,C-0882,['B-002']
81,C-0895,['B-002']
82,C-0900,['B-002']
83,C-0911,['B-002']
84,C-0912,['B-002']
85,C-0938,['B-002']
86,C-0945,['B-002']
87,C-0947,['B-002']
88,C-0948,['B-002']
89,C-0949,['B-002']
90,C-0971,"['B-002', 'B-002']"
91,C-0974,['B-002']
92,C-1067,['B-002']
93,C-1072,['B-002']
94,C-1078,['B-001']
95,C-1209,['B-002']
96,C-1218,['B-002']
97,C-1219,['B-002']
98,C-1221,['B-002']
99,C-1238,['B-001']
100,C-1338,['B-002']
101,C-1393,['B-005']
102,C-1423,['B-002']
103,C-1441,['B-005']
104,C-1445,['B-001']
105,C-1468,['B-006']
106,C-1469,['B-006']
107,C-1470,['B-008']
108,C-1475,['B-006']
109,C-1479,['B-001']
110,C-1486,['B-006']
111,C-1547,['B-001']
112,C-1578,['B-001']
113,C-1593,['B-001']
114,C-1637,['B-002']
115,C-1638,['B-002']
116,C-1639,['B-002']
117,C-1640,['B-002']
118,C-1641,['B-002']
119,C-1642,['B-002']
120,C-1643,['B-002']
121,C-1644,['B-002']
122,C-1645,['B-002']
123,C-1646,['B-002']
124,C-1647,['B-002']
125,C-1648,['B-002']
126,C-1649,['B-002']
127,C-1650,['B-002']
128,C-1700,['B-002']
129,C-1701,['B-002']
130,C-1702,['B-002']
131,C-1704,['B-002']
132,C-1710,['B-001']
133,C-1714,['B-001']
134,C-1715,['B-001']
135,C-1716,['B-001']
136,C-1718,['B-001']
137,C-1722,['B-001']
138,C-1723,['B-001']
139,C-1724,['B-001']
140,C-1727,['B-001']
141,C-1728,['B-001']
142,C-1743,['B-005']
143,C-1758,['B-002']
144,C-1761,['B-002']
145,C-1767,['B-002']
146,C-1776,['B-002']
147,C-1777,['B-002']
148,C-1778,['B-002']
149,C-1779,['B-002']
150,C-1781,['B-002']
151,C-1789,['B-002']
152,C-1790,['B-002']
153,C-1802,['B-001']
154,C-1808,['B-002']
155,C-1836,"['B-001', 'B-001']"
156,C-1837,"['B-001', 'B-001']"
157,C-1840,['B-001']
158,C-1841,['B-001']
159,C-1864,['B-001']
160,C-1869,['B-001']
161,C-1870,['B-002']
162,C-1873,['B-005']
163,C-1877,['B-002']
164,C-1879,['B-002']
165,C-1885,['B-002']
166,C-1888,['B-002']
167,C-1889,['B-002']
168,C-1892,['B-002']
169,C-1902,['B-002']
170,C-1903,['B-002']
171,C-1906,['B-002']
172,C-1907,['B-002']
173,C-1908,['B-002']
174,C-1909,['B-002']
175,C-1910,['B-002']
176,C-1911,['B-002']
177,C-1912,"['B-002', 'B-002']"
178,C-1913,['B-002']
179,C-1936,['B-005']
180,C-1976,['B-001']
181,C-1994,['B-002']
182,C-1995,['B-002']
183,C-1998,['B-002']
184,C-2001,['B-002']
185,C-2002,['B-002']
186,C-2003,['B-002']
187,C-2004,['B-002']
188,C-2005,['B-002']
189,C-2006,['B-002']
190,C-2007,['B-002']
191,C-2008,['B-002']
192,C-2032,['B-002']
193,C-2033,['B-002']
194,C-0001,['B-001']
195,C-0002,['B-001']
196,C-0003,['B-001']
197,C-0048,['B-002']
198,C-0049,['B-002']
199,C-0050,['B-002']
200,C-0051,['B-002']
201,C-0052,['B-002']
202,C-0053,['B-002']
203,C-0058,['B-002']
204,C-0059,['B-002']
205,C-0060,['B-002']
206,C-0096,['B-002']
207,C-0101,['B-002']
208,C-0186,['B-002']
209,C-0226,['B-001']
210,C-0228,['B-001']
211,C-0309,['B-001']
212,C-0391,['B-002']
213,C-0445,['B-001']
214,C-0449,['B-001']
215,C-0830,['B-001']
216,C-1035,['B-002']
217,C-1074,['B-001']
218,C-1244,['B-001']
219,C-1332,['B-002']
220,C-1420,['B-001']
221,C-1443,['B-001']
222,C-1627,['B-002']
223,C-1628,['B-002']
224,C-1629,['B-002']
225,C-1630,['B-002']
226,C-1631,['B-002']
227,C-1632,['B-002']
228,C-1633,['B-002']
229,C-1635,['B-002']
230,C-1652,['B-002']
231,C-1653,['B-002']
232,C-1654,['B-002']
233,C-1655,['B-002']
234,C-1656,['B-002']
235,C-1657,['B-002']
236,C-1658,['B-002']
237,C-1659,['B-002']
238,C-1660,['B-002']
239,C-1661,['B-002']
240,C-1703,['B-002']
241,C-1846,['B-001']
242,C-1866,['B-002']
243,C-2035,['B-002']
244,C-0005,"['B-001', 'B-004']"
245,C-0006,"['B-001', 'B-005']"
246,C-1435,"['B-004', 'B-007']"
247,C-1546,"['B-004', 'B-004']"
248,C-1583,"['B-005', 'B-005']"
249,C-1634,"['B-005', 'B-002']"
250,C-1975,"['B-007', 'B-007']"
251,C-0428,['B-004']
252,C-0443,"['B-007', '9999']"
253,C-0823,"['B-007', '9999']"
254,C-0354,"['B-004', 'B-004']"
255,C-0361,['B-002']
256,C-1312,"['B-007', '9999']"
257,C-1313,"['B-007', 'B-007']"
258,C-1194,"['B-004', 'B-004']"
259,C-1195,"['B-004', 'B-004']"
260,C-1196,"['B-004', 'B-004']"
261,C-1197,"['B-004', 'B-004']"
262,C-1198,"['B-004', 'B-004']"
263,C-1229,"['B-004', 'B-007']"
264,C-1230,"['B-007', 'B-005']"
265,C-1695,"['B-006', '9999']"
266,C-1812,"['B-004', 'B-004']"
267,C-1828,"['B-005', 'B-005']"
268,C-1868,"['B-005', 'B-002']"
269,C-1621,[]
270,C-1624,[]
271,C-1623,[]
272,C-1622,[]
273,C-1625,[]
274,C-1626,[]
275,C-1620,[]
276,C-1867,[]
277,C-2029,[]
278,C-0579,[]
279,C-0580,[]
280,C-0134,[]
281,C-0390,[]
282,C-2027,[]
283,C-0337,[]
284,C-2030,[]
285,C-2025,[]
286,C-1760,[]
287,C-2028,[]
288,C-0102,[]
289,C-1059,[]
290,C-0097,[]
291,C-2026,[]
292,C-0095,[]
293,C-0261,[]
294,C-0004,[]
295,C-1202,[]
296,C-1442,[]
297,C-1421,[]
298,C-0448,[]
299,C-0336,[]
300,C-0308,[]
301,C-1952,[]
302,C-1845,[]
303,C-1577,[]
304,C-1384,[]
305,C-1200,[]
306,C-1199,[]
307,C-0444,[]
308,C-0831,[]
309,C-1848,[]
310,C-1243,[]
311,C-1927,[]
312,C-1964,[]
313,C-1969,[]
314,C-1966,[]
315,C-1963,[]
316,C-1694,[]
317,C-1318,[]
318,C-0720,[]
319,C-0315,[]
320,C-1316,[]
321,C-0345,[]
322,C-1980,[]
323,C-1793,[]
324,C-1580,[]
325,C-0827,[]
326,C-1968,[]
327,C-1967,[]
328,C-0321,[]
329,C-1320,[]
330,C-1965,[]
331,C-0035,[]
332,C-1530,[]
333,C-1962,[]
334,C-0027,[]
335,C-0454,[]
336,C-0455,[]
337,C-0494,[]
338,C-0496,[]
339,C-0508,[]
340,C-0572,[]
341,C-0797,[]
342,C-0891,[]
343,C-1096,[]
344,C-1102,[]
345,C-1135,[]
346,C-1149,[]
347,C-1452,[]
348,C-1453,[]
349,C-1584,[]
350,C-0271,[]
351,C-1809,[]
352,C-1830,[]
353,C-1865,[]
354,C-0008,['B-005']
355,C-0009,['B-004']
356,C-0020,['B-005']
357,C-0054,['B-005']
358,C-0071,['B-005']
359,C-0082,['B-002']
360,C-0083,['B-012']
361,C-0084,['B-012']
362,C-0111,['B-009']
363,C-0117,['B-005']
364,C-0151,['B-005']
365,C-0161,['9999']
366,C-0165,['B-005']
367,C-0177,['B-005']
368,C-0199,['B-004']
369,C-0208,['B-002']
370,C-0209,['B-002']
371,C-0213,['B-002']
372,C-0214,['B-002']
373,C-0215,['B-002']
374,C-0242,['B-005']
375,C-0243,['B-012']
376,C-0245,['B-004']
377,C-0255,['B-005']
378,C-0257,['B-012']
379,C-0258,['B-005']
380,C-0260,['B-005']
381,C-0262,['B-009']
382,C-0269,['B-012']
383,C-0274,['B-005']
384,C-0278,['B-002']
385,C-0307,['B-013']
386,C-0348,['B-005']
387,C-0356,['B-005']
388,C-0358,['B-009']
389,C-0387,['B-012']
390,C-0393,['B-005']
391,C-0405,['B-005']
392,C-0411,['B-002']
393,C-0425,['B-004']
394,C-0426,['B-004']
395,C-0432,['B-004']
396,C-0474,['B-005']
397,C-0475,['B-005']
398,C-0483,['B-004']
399,C-0486,['B-004']
400,C-0493,['B-004']
401,C-0495,['B-005']
402,C-0497,['B-005']
403,C-0499,['B-005']
404,C-0502,['B-002']
405,C-0506,['B-005']
406,C-0513,['9999']
407,C-0520,['B-005']
408,C-0533,['B-010']
409,C-0534,['B-005']
410,C-0539,['B-005']
411,C-0544,['B-002']
412,C-0547,['B-002']
413,C-0548,['B-002']
414,C-0549,['B-002']
415,C-0555,['B-012']
416,C-0556,['B-002']
417,C-0569,['B-005']
418,C-0575,['9999']
419,C-0623,['B-002']
420,C-0624,['B-002']
421,C-0641,['B-012']
422,C-0643,['B-012']
423,C-0678,['B-005']
424,C-0697,['B-002']
425,C-0699,['B-011']
426,C-0700,['B-002']
427,C-0701,['B-002']
428,C-0723,['B-004']
429,C-0755,['B-005']
430,C-0770,['9999']
431,C-0780,['9999']
432,C-0791,['B-002']
433,C-0793,['B-012']
434,C-0796,['9999']
435,C-0804,['B-012']
436,C-0816,['B-005']
437,C-0817,['B-005']
438,C-0837,['B-004']
439,C-0854,['B-004']
440,C-0869,['B-012']
441,C-0893,['B-005']
442,C-0899,['9999']
443,C-0920,['B-009']
444,C-0930,['9999']
445,C-0965,['B-005']
446,C-1029,['B-005']
447,C-1045,['B-002']
448,C-1065,['B-012']
449,C-1089,['B-009']
450,C-1117,['B-005']
451,C-1123,['B-009']
452,C-1124,['B-009']
453,C-1127,['B-009']
454,C-1171,['B-005']
455,C-1225,['B-004']
456,C-1231,['B-004']
457,C-1233,['B-004']
458,C-1256,['B-005']
459,C-1257,['B-005']
460,C-1259,['B-004']
461,C-1308,['9999']
462,C-1340,['B-005']
463,C-1410,['B-004']
464,C-1411,['B-004']
465,C-1417,['B-004']
466,C-1426,['B-005']
467,C-1431,['B-005']
468,C-1489,['B-004']
469,C-1496,['B-012']
470,C-1503,['B-005']
471,C-1505,['B-004']
472,C-1506,['B-004']
473,C-1507,['B-005']
474,C-1535,['B-005']
475,C-1536,['B-005']
476,C-1537,['B-005']
477,C-1557,['B-004']
478,C-1579,['B-004']
479,C-1697,['B-005']
480,C-1698,['B-005']
481,C-1699,['B-005']
482,C-1707,['B-005']
483,C-1708,['B-005']
484,C-1725,['B-005']
485,C-1729,['B-005']
486,C-1731,['B-004']
487,C-1764,['B-004']
488,C-1780,['B-005']
489,C-1833,['B-005']
490,C-1839,['B-005']
491,C-1862,['B-004']
492,C-1919,['B-012']
493,C-1924,['B-004']
494,C-1925,['B-005']
495,C-1928,['B-005']
496,C-1970,['B-004']
497,C-1973,['B-004']
498,C-1974,['B-004']
499,C-1988,['B-005']
500,C-1990,['B-005']
501,C-1385,[]
502,C-1386,[]
503,C-1369,[]
504,C-0422,[]
505,C-1817,[]
506,C-1374,[]
507,C-1375,[]
508,C-1439,[]
509,C-1355,[]
510,C-0958,[]
511,C-0562,[]
512,C-1850,[]
513,C-0227,[]
514,C-1425,[]
515,C-1476,[]
516,C-1860,[]
517,C-0674,[]
518,C-0751,[]
519,C-0057,[]
520,C-1960,[]
521,C-1619,[]
522,C-1745,[]
523,C-1838,[]
524,C-1554,[]
525,C-0962,[]
526,C-0045,[]
527,C-0092,[]
528,C-1474,[]
529,C-1672,[]
530,C-1481,[]
531,C-1359,[]
532,C-0577,[]
533,C-1677,[]
534,C-1595,[]
535,C-0365,[]
536,C-1214,[]
537,C-1216,[]
538,C-0578,[]
539,C-0950,[]
540,C-0855,[]
541,C-0442,[]
542,C-0617,[]
543,C-0774,[]
544,C-1058,[]
545,C-0552,[]
546,C-1954,[]
547,C-0752,[]
548,C-1898,[]
549,C-0953,[]
550,C-0957,[]
551,C-1268,[]
552,C-1477,[]
553,C-1398,[]
554,C-1478,[]
555,C-0993,[]
556,C-0655,[]
557,C-1403,[]
558,C-0844,[]
559,C-1533,[]
560,C-0366,[]
561,C-1502,[]
562,C-1756,[]
563,C-1564,[]
564,C-1950,[]
565,C-1211,[]
566,C-1874,[]
567,C-1213,[]
568,C-0139,[]
569,C-1215,[]
570,C-1379,[]
571,C-1688,[]
572,C-1491,[]
573,C-0377,[]
574,C-1521,[]
575,C-1402,[]
576,C-0681,[]
577,C-0675,[]
578,C-0108,[]
579,C-2046,[]
580,C-1550,[]
581,C-0915,[]
582,C-0581,[]
583,C-1080,[]
584,C-1183,[]
585,C-1668,[]
586,C-0424,[]
587,C-0120,[]
588,C-0064,[]
589,C-0762,[]
590,C-0710,[]
591,C-0952,[]
592,C-0642,[]
593,C-0939,[]
594,C-0955,[]
595,C-1095,[]
596,C-1109,[]
597,C-1132,[]
598,C-1187,[]
599,C-0863,[]
600,C-1172,[]
601,C-1248,[]
602,C-0772,[]
603,C-0441,[]
604,C-0130,[]
605,C-1254,[]
606,C-1356,[]
607,C-1497,[]
608,C-1499,[]
609,C-0368,[]
610,C-1483,[]
611,C-1735,[]
612,C-0249,[]
613,C-0314,[]
614,C-0378,[]
615,C-1993,[]
616,C-0144,[]
617,C-1859,[]
618,C-1232,[]
619,C-0987,[]
620,C-0989,[]
621,C-0964,[]
622,C-0824,[]
623,C-1037,[]
624,C-0923,[]
625,C-1112,[]
626,C-1814,[]
627,C-0168,[]
628,C-0640,[]
629,C-0656,[]
630,C-0996,[]
631,C-0225,[]
632,C-1567,[]
633,C-1217,[]
634,C-0085,[]
635,C-0597,[]
636,C-0248,[]
637,C-1978,[]
638,C-1480,[]
639,C-1220,[]
640,C-2045,[]
641,C-1548,[]
642,C-0121,[]
643,C-0859,[]
644,C-0124,[]
645,C-0347,[]
646,C-0864,[]
647,C-0890,[]
648,C-1669,[]
649,C-0340,[]
650,C-0636,[]
651,C-1406,[]
652,C-1511,[]
653,C-1832,[]
654,C-0203,[]
655,C-0171,[]
656,C-0954,[]
657,C-1013,[]
658,C-1097,[]
659,C-0112,[]
660,C-1141,[]
661,C-1121,[]
662,C-0031,[]
663,C-1019,[]
664,C-0376,[]
665,C-1676,[]
666,C-0783,[]
667,C-0129,[]
668,C-0011,[]
669,C-1436,[]
670,C-1311,[]
671,C-1871,[]
672,C-1223,[]
673,C-0707,[]
674,C-1512,[]
675,C-0813,[]
676,C-1689,[]
677,C-1382,[]
678,C-0717,[]
679,C-1941,[]
680,C-0975,[]
681,C-0194,[]
682,C-0749,[]
683,C-0329,[]
684,C-1751,[]
685,C-0815,[]
686,C-0438,[]
687,C-0522,[]
688,C-1490,[]
689,C-0196,[]
690,C-0100,[]
691,C-0795,[]
692,C-1742,[]
693,C-0684,[]
694,C-1844,[]
695,C-0685,[]
696,C-1981,[]
697,C-0473,[]
698,C-1914,[]
699,C-0440,[]
700,C-0323,[]
701,C-0239,[]
702,C-1667,[]
703,C-0357,[]
704,C-1791,[]
705,C-0626,[]
706,C-0593,[]
707,C-1020,[]
708,C-0982,[]
709,C-1032,[]
710,C-1663,[]
711,C-0288,[]
712,C-0583,[]
713,C-1076,[]
714,C-1138,[]
715,C-2014,[]
716,C-1083,[]
717,C-1107,[]
718,C-1937,[]
719,C-1103,[]
720,C-1152,[]
721,C-1120,[]
722,C-1184,[]
723,C-1205,[]
724,C-1098,[]
725,C-0504,[]
726,C-1300,[]
727,C-0383,[]
728,C-1985,[]
729,C-1021,[]
730,C-1104,[]
731,C-1206,[]
732,C-0185,[]
733,C-1105,[]
734,C-0439,[]
735,C-1794,[]
736,C-0251,[]
737,C-1675,[]
738,C-2040,[]
739,C-1358,[]
740,C-1364,[]
741,C-0433,[]
742,C-0828,[]
743,C-1416,[]
744,C-0677,[]
745,C-0903,[]
746,C-0719,[]
747,C-1253,[]
748,C-0198,[]
749,C-0825,[]
750,C-1227,[]
751,C-1319,[]
752,C-1353,[]
753,C-0099,[]
754,C-1917,[]
755,C-1366,[]
756,C-1391,[]
757,C-0676,[]
758,C-0481,[]
759,C-0304,[]
760,C-0529,[]
761,C-1531,[]
762,C-0446,[]
763,C-0620,[]
764,C-0627,[]
765,C-1561,[]
766,C-0470,[]
767,C-0149,[]
768,C-2038,[]
769,C-0317,[]
770,C-0293,[]
771,C-1748,[]
772,C-0834,[]
773,C-0252,[]
774,C-0835,[]
775,C-0876,[]
776,C-0800,[]
777,C-0924,[]
778,C-0913,[]
779,C-1671,[]
780,C-1508,[]
781,C-1679,[]
782,C-0582,[]
783,C-1858,[]
784,C-0814,[]
785,C-0514,[]
786,C-1664,[]
787,C-0743,[]
788,C-0553,[]
789,C-1571,[]
790,C-0745,[]
791,C-1341,[]
792,C-0654,[]
793,C-0472,[]
794,C-1383,[]
795,C-1563,[]
796,C-0744,[]
797,C-0294,[]
798,C-0123,[]
799,C-1258,[]
800,C-1861,[]
801,C-1972,[]
802,C-1509,[]
803,C-0382,[]
804,C-1228,[]
805,C-1939,[]
806,C-1922,[]
807,C-0395,[]
808,C-1510,[]
809,C-1949,[]
810,C-0322,[]
811,C-0644,[]
812,C-0867,[]
813,C-1920,[]
814,C-1921,[]
815,C-1934,[]
816,C-1851,[]
817,C-0037,[]
818,C-0087,[]
819,C-0145,[]
820,C-1696,[]
821,C-0201,[]
822,C-0267,[]
823,C-1835,[]
824,C-0206,[]
825,C-0281,[]
826,C-0283,[]
827,C-0312,[]
828,C-0328,[]
829,C-1582,[]
830,C-0848,[]
831,C-0402,[]
832,C-1249,[]
833,C-0374,[]
834,C-1380,[]
835,C-0542,[]
836,C-0639,[]
837,C-1618,[]
838,C-0609,[]
839,C-0667,[]
840,C-0706,[]
841,C-0727,[]
842,C-0541,[]
843,C-0746,[]
844,C-1651,[]
845,C-0860,[]
846,C-0865,[]
847,C-1466,[]
848,C-0932,[]
849,C-1000,[]
850,C-1010,[]
851,C-1081,[]
852,C-0764,[]
853,C-1022,[]
854,C-0164,[]
855,C-1034,[]
856,C-0767,[]
857,C-0412,[]
858,C-1061,[]
859,C-1068,[]
860,C-1110,[]
861,C-1180,[]
862,C-0776,[]
863,C-1106,[]
864,C-1143,[]
865,C-1116,[]
866,C-0921,[]
867,C-1126,[]
868,C-1130,[]
869,C-1119,[]
870,C-1142,[]
871,C-1157,[]
872,C-1160,[]
873,C-1158,[]
874,C-1189,[]
875,C-1168,[]
876,C-0988,[]
877,C-1174,[]
878,C-1278,[]
879,C-1283,[]
880,C-1027,[]
881,C-1298,[]
882,C-1944,[]
883,C-1222,[]
884,C-1831,[]
885,C-1945,[]
886,C-0313,[]
887,C-0404,[]
888,C-1381,[]
889,C-0341,[]
890,C-1001,[]
891,C-0765,[]
892,C-1150,[]
893,C-0979,[]
894,C-1940,[]
895,C-1309,[]
896,C-1262,[]
897,C-1182,[]
898,C-1144,[]
899,C-1260,[]
900,C-1303,[]
901,C-1815,[]
902,C-1987,[]
903,C-0631,[]
904,C-0766,[]
905,C-1151,[]
906,C-1261,[]
907,C-0155,[]
908,C-1007,[]
909,C-1169,[]
910,C-1226,[]
911,C-0570,[]
912,C-0680,[]
913,C-1498,[]
914,C-0672,[]
915,C-0437,[]
916,C-0649,[]
917,C-0771,[]
918,C-0234,[]
919,C-0477,[]
920,C-0922,[]
921,C-0523,[]
922,C-0587,[]
923,C-0661,[]
924,C-0914,[]
925,C-1323,[]
926,C-0286,[]
927,C-1036,[]
928,C-1437,[]
929,C-0364,[]
930,C-0118,[]
931,C-0708,[]
932,C-1371,[]
933,C-0478,[]
934,C-1752,[]
935,C-0852,[]
936,C-1400,[]
937,C-0853,[]
938,C-0435,[]
939,C-0436,[]
940,C-1399,[]
941,C-0647,[]
942,C-1324,[]
943,C-1572,[]
944,C-1361,[]
945,C-0845,[]
946,C-0301,[]
947,C-0297,[]
948,C-0849,[]
949,C-1414,[]
950,C-1823,[]
951,C-0467,[]
952,C-1692,[]
953,C-0586,[]
954,C-0135,[]
955,C-1957,[]
956,C-0195,[]
957,C-0197,[]
958,C-2039,[]
959,C-2041,[]
960,C-1691,[]
961,C-0427,[]
962,C-0871,[]
963,C-1377,[]
964,C-0916,[]
965,C-0682,[]
966,C-0735,[]
967,C-0728,[]
968,C-0757,[]
969,C-0759,[]
970,C-0067,[]
971,C-0476,[]
972,C-1932,[]
973,C-0879,[]
974,C-0039,[]
975,C-0842,[]
976,C-0183,[]
977,C-0803,[]
978,C-0901,[]
979,C-1818,[]
980,C-0316,[]
981,C-0742,[]
982,C-0689,[]
983,C-1438,[]
984,C-0484,[]
985,C-1857,[]
986,C-1827,[]
987,C-0482,[]
988,C-1251,[]
989,C-1360,[]
990,C-1485,[]
991,C-1250,[]
992,C-0305,[]
993,C-1192,[]
994,C-1193,[]
995,C-1422,[]
996,C-0851,[]
997,C-0603,[]
998,C-0818,[]
999,C-0055,[]
1000,C-0847,[]
1001,C-1540,[]
1002,C-0841,[]
1003,C-1738,[]
1004,C-1732,[]
1005,C-0673,[]
1006,C-1959,[]
1007,C-0098,[]
1008,C-1787,[]
1009,C-0270,[]
1010,C-0794,[]
1011,C-0733,[]
1012,C-0790,[]
1013,C-0235,[]
1014,C-0777,[]
1015,C-1757,[]
1016,C-1556,[]
1017,C-1401,[]
1018,C-0319,[]
1019,C-1754,[]
1020,C-0230,[]
1021,C-0298,[]
1022,C-0299,[]
1023,C-1825,[]
1024,C-1955,[]
1025,C-0713,[]
1026,C-0265,[]
1027,C-0637,[]
1028,C-1923,[]
1029,C-0040,[]
1030,C-0715,[]
1031,C-1009,[]
1032,C-0861,[]
1033,C-0716,[]
1034,C-0738,[]
1035,C-0604,[]
1036,C-0760,[]
1037,C-0883,[]
1038,C-1372,[]
1039,C-0034,[]
1040,C-0724,[]
1041,C-1581,[]
1042,C-1693,[]
1043,C-1755,[]
1044,C-0704,[]
1045,C-0705,[]
1046,C-1822,[]
1047,C-0056,[]
1048,C-1690,[]
1049,C-1856,[]
1050,C-0113,[]
1051,C-0904,[]
1052,C-0236,[]
1053,C-0906,[]
1054,C-0089,[]
1055,C-0300,[]
1056,C-1562,[]
1057,C-0233,[]
1058,C-0528,[]
1059,C-0725,[]
1060,C-0128,[]
1061,C-1824,[]
1062,C-0729,[]
1063,C-0525,[]
1064,C-0505,[]
1065,C-0645,[]
1066,C-0812,[]
1067,C-0784,[]
1068,C-2047,[]
1069,C-1674,[]
1070,C-1800,[]
1071,C-0885,[]
1072,C-0886,[]
1073,C-0887,[]
1074,C-0888,[]
1075,C-0902,[]
1076,C-1558,[]
1077,C-0167,[]
1078,C-0983,[]
1079,C-0984,[]
1080,C-0868,[]
1081,C-0788,[]
1082,C-1559,[]
1083,C-1971,[]
1084,C-1813,[]
1085,C-0375,[]
1086,C-1560,[]
1087,C-1933,[]
1088,C-0024,[]
1089,C-0032,[]
1090,C-1532,[]
1091,C-1596,[]
1092,C-0109,[]
1093,C-0114,[]
1094,C-0116,[]
1095,C-1310,[]
1096,C-0136,[]
1097,C-0469,[]
1098,C-1570,[]
1099,C-1397,[]
1100,C-1504,[]
1101,C-1541,[]
1102,C-1573,[]
1103,C-0222,[]
1104,C-1367,[]
1105,C-1765,[]
1106,C-0280,[]
1107,C-1977,[]
1108,C-1666,[]
1109,C-0282,[]
1110,C-1799,[]
1111,C-0326,[]
1112,C-0088,[]
1113,C-0310,[]
1114,C-0373,[]
1115,C-0330,[]
1116,C-0103,[]
1117,C-1737,[]
1118,C-0346,[]
1119,C-0396,[]
1120,C-0349,[]
1121,C-0372,[]
1122,C-0576,[]
1123,C-1753,[]
1124,C-1926,[]
1125,C-1741,[]
1126,C-0408,[]
1127,C-1387,[]
1128,C-1528,[]
1129,C-0540,[]
1130,C-0507,[]
1131,C-0511,[]
1132,C-0512,[]
1133,C-0519,[]
1134,C-0324,[]
1135,C-0614,[]
1136,C-0524,[]
1137,C-0527,[]
1138,C-0530,[]
1139,C-0515,[]
1140,C-0558,[]
1141,C-0559,[]
1142,C-0561,[]
1143,C-1515,[]
1144,C-0980,[]
1145,C-0564,[]
1146,C-0843,[]
1147,C-0588,[]
1148,C-0592,[]
1149,C-0563,[]
1150,C-1662,[]
1151,C-0241,[]
1152,C-1321,[]
1153,C-0416,[]
1154,C-1204,[]
1155,C-0610,[]
1156,C-0611,[]
1157,C-0613,[]
1158,C-1984,[]
1159,C-0634,[]
1160,C-0696,[]
1161,C-0635,[]
1162,C-0068,[]
1163,C-0648,[]
1164,C-0650,[]
1165,C-0657,[]
1166,C-0658,[]
1167,C-0536,[]
1168,C-1526,[]
1169,C-0430,[]
1170,C-0127,[]
1171,C-0091,[]
1172,C-0590,[]
1173,C-0125,[]
1174,C-0397,[]
1175,C-0892,[]
1176,C-0838,[]
1177,C-0126,[]
1178,C-0711,[]
1179,C-0718,[]
1180,C-0714,[]
1181,C-0721,[]
1182,C-0726,[]
1183,C-0731,[]
1184,C-1240,[]
1185,C-0010,[]
1186,C-0736,[]
1187,C-2042,[]
1188,C-1524,[]
1189,C-1942,[]
1190,C-1424,[]
1191,C-0047,[]
1192,C-0773,[]
1193,C-0779,[]
1194,C-0809,[]
1195,C-0801,[]
1196,C-0810,[]
1197,C-0866,[]
1198,C-2036,[]
1199,C-0811,[]
1200,C-0517,[]
1201,C-0929,[]
1202,C-0878,[]
1203,C-0862,[]
1204,C-0898,[]
1205,C-1876,[]
1206,C-2012,[]
1207,C-1093,[]
1208,C-0232,[]
1209,C-0926,[]
1210,C-0896,[]
1211,C-0668,[]
1212,C-1330,[]
1213,C-0951,[]
1214,C-0995,[]
1215,C-1241,[]
1216,C-0877,[]
1217,C-0785,[]
1218,C-1082,[]
1219,C-1875,[]
1220,C-0990,[]
1221,C-2011,[]
1222,C-0997,[]
1223,C-0998,[]
1224,C-1170,[]
1225,C-0919,[]
1226,C-1003,[]
1227,C-1517,[]
1228,C-0781,[]
1229,C-1523,[]
1230,C-1017,[]
1231,C-1023,[]
1232,C-0200,[]
1233,C-1030,[]
1234,C-1051,[]
1235,C-1038,[]
1236,C-1047,[]
1237,C-1046,[]
1238,C-1050,[]
1239,C-1052,[]
1240,C-1891,[]
1241,C-1279,[]
1242,C-1090,[]
1243,C-1133,[]
1244,C-1062,[]
1245,C-0763,[]
1246,C-1028,[]
1247,C-0907,[]
1248,C-1040,[]
1249,C-1048,[]
1250,C-1077,[]
1251,C-1042,[]
1252,C-1085,[]
1253,C-0302,[]
1254,C-1044,[]
1255,C-1094,[]
1256,C-1100,[]
1257,C-1101,[]
1258,C-1108,[]
1259,C-0490,[]
1260,C-1125,[]
1261,C-1086,[]
1262,C-0153,[]
1263,C-1114,[]
1264,C-1118,[]
1265,C-1131,[]
1266,C-1075,[]
1267,C-1136,[]
1268,C-1137,[]
1269,C-1139,[]
1270,C-1167,[]
1271,C-1165,[]
1272,C-0287,[]
1273,C-1153,[]
1274,C-0884,[]
1275,C-0889,[]
1276,C-1154,[]
1277,C-1155,[]
1278,C-1156,[]
1279,C-1159,[]
1280,C-1163,[]
1281,C-1162,[]
1282,C-1166,[]
1283,C-1175,[]
1284,C-1176,[]
1285,C-1177,[]
1286,C-1178,[]
1287,C-1179,[]
1288,C-0925,[]
1289,C-1181,[]
1290,C-1188,[]
1291,C-1190,[]
1292,C-1191,[]
1293,C-1246,[]
1294,C-1252,[]
1295,C-1472,[]
1296,C-1473,[]
1297,C-1099,[]
1298,C-1265,[]
1299,C-1148,[]
1300,C-1280,[]
1301,C-1273,[]
1302,C-1266,[]
1303,C-1272,[]
1304,C-1293,[]
1305,C-1275,[]
1306,C-1276,[]
1307,C-1289,[]
1308,C-1281,[]
1309,C-1305,[]
1310,C-1307,[]
1311,C-1288,[]
1312,C-0531,[]
1313,C-1290,[]
1314,C-1291,[]
1315,C-1292,[]
1316,C-1185,[]
1317,C-1264,[]
1318,C-1295,[]
1319,C-1297,[]
1320,C-1302,[]
1321,C-1301,[]
1322,C-0224,[]
1323,C-1322,[]
1324,C-1201,[]
1325,C-1396,[]
1326,C-1395,[]
1327,C-1938,[]
1328,C-1388,[]
1329,C-1569,[]
1330,C-0431,[]
1331,C-0429,[]
1332,C-1709,[]
1333,C-1915,[]
1334,C-1916,[]
1335,C-1237,[]
1336,C-1918,[]
1337,C-1797,[]
1338,C-1730,[]
1339,C-1325,[]
1340,C-0025,[]
1341,C-0033,[]
1342,C-1847,[]
1343,C-1852,[]
1344,C-1810,[]
1345,C-1574,[]
1346,C-1766,[]
1347,C-1961,[]
1348,C-0256,[]
1349,C-1929,[]
1350,C-0291,[]
1351,C-0290,[]
1352,C-0327,[]
1353,C-0311,[]
1354,C-1878,[]
1355,C-1979,[]
1356,C-0350,[]
1357,C-0276,[]
1358,C-0381,[]
1359,C-0384,[]
1360,C-0629,[]
1361,C-0535,[]
1362,C-0560,[]
1363,C-1516,[]
1364,C-0571,[]
1365,C-0589,[]
1366,C-0594,[]
1367,C-0595,[]
1368,C-0659,[]
1369,C-0574,[]
1370,C-1522,[]
1371,C-0686,[]
1372,C-0687,[]
1373,C-0184,[]
1374,C-0712,[]
1375,C-0730,[]
1376,C-0754,[]
1377,C-1525,[]
1378,C-0758,[]
1379,C-0856,[]
1380,C-2037,[]
1381,C-0897,[]
1382,C-0928,[]
1383,C-0669,[]
1384,C-1597,[]
1385,C-0670,[]
1386,C-0969,[]
1387,C-0786,[]
1388,C-0985,[]
1389,C-2013,[]
1390,C-0935,[]
1391,C-1306,[]
1392,C-1146,[]
1393,C-0633,[]
1394,C-1018,[]
1395,C-1025,[]
1396,C-1033,[]
1397,C-1031,[]
1398,C-1060,[]
1399,C-1053,[]
1400,C-1056,[]
1401,C-1057,[]
1402,C-1091,[]
1403,C-1063,[]
1404,C-1079,[]
1405,C-1111,[]
1406,C-1008,[]
1407,C-0491,[]
1408,C-1122,[]
1409,C-1128,[]
1410,C-1134,[]
1411,C-1140,[]
1412,C-1161,[]
1413,C-1164,[]
1414,C-1277,[]
1415,C-0937,[]
1416,C-1263,[]
1417,C-1269,[]
1418,C-1274,[]
1419,C-1285,[]
1420,C-1287,[]
1421,C-1282,[]
1422,C-1286,[]
1423,C-1284,[]
1424,C-1186,[]
1425,C-1296,[]
1426,C-1299,[]
1427,C-1304,[]
1428,C-1519,[]
1429,C-1529,[]
1430,C-1930,[]
1431,C-0026,[]
1432,C-0176,[]
1433,C-0351,[]
1434,C-0277,[]
1435,C-0630,[]
1436,C-0660,[]
1437,C-1982,[]
1438,C-0662,[]
1439,C-0489,[]
1440,C-0692,[]
1441,C-0857,[]
1442,C-0204,[]
1443,C-0671,[]
1444,C-0918,[]
1445,C-0986,[]
1446,C-0936,[]
1447,C-0908,[]
1448,C-1002,[]
1449,C-1026,[]
1450,C-1054,[]
1451,C-1092,[]
1452,C-1064,[]
1453,C-1087,[]
1454,C-1088,[]
1455,C-1129,[]
1456,C-1073,[]
1457,C-1173,[]
1458,C-1270,[]
1459,C-1267,[]
1460,C-1294,[]
1461,C-1991,[]
1462,C-0148,[]
1463,C-0352,[]
1464,C-0379,[]
1465,C-0289,[]
1466,C-0664,[]
1467,C-0665,[]
1468,C-0666,[]
1469,C-0690,[]
1470,C-0691,[]
1471,C-0693,[]
1472,C-0694,[]
1473,C-0756,[]
1474,C-0858,[]
1475,C-0870,[]
1476,C-0798,[]
1477,C-0753,[]
1478,C-0981,[]
1479,C-0991,[]
1480,C-0909,[]
1481,C-1012,[]
1482,C-1016,[]
1483,C-1055,[]
1484,C-1084,[]
1485,C-1147,[]
1486,C-1271,[]
1487,C-0279,[]
1488,C-0353,[]
1489,C-0557,[]
1490,C-0663,[]
1491,C-0695,[]
1492,C-0933,[]
1493,C-0967,[]
1494,C-0992,[]
1495,C-1011,[]
1496,C-1015,[]
1497,C-1070,[]
1498,C-0934,[]
1499,C-0355,[]
1500,C-0968,[]
1501,C-1049,[]
1502,9999,[]
1503,C-0872,[]
1504,C-0873,[]
1505,C-0874,[]
1506,C-1039,[]
1507,C-1041,[]
1508,C-1043,[]
1509,C-0013,[]
1510,C-0016,[]
1511,C-0017,[]
1512,C-0018,[]
1513,C-0021,[]
1514,C-0022,[]
1515,C-0023,[]
1516,C-0028,[]
1517,C-0042,[]
1518,C-0061,[]
1519,C-0063,[]
1520,C-0065,[]
1521,C-0066,[]
1522,C-0075,[]
1523,C-0076,[]
1524,C-0090,[]
1525,C-0094,[]
1526,C-0104,[]
1527,C-0105,[]
1528,C-0106,[]
1529,C-0107,[]
1530,C-0140,[]
1531,C-0143,[]
1532,C-0152,[]
1533,C-0160,[]
1534,C-0163,[]
1535,C-0169,[]
1536,C-0175,[]
1537,C-0187,[]
1538,C-0188,[]
1539,C-0192,[]
1540,C-0207,[]
1541,C-0238,[]
1542,C-0254,[]
1543,C-0259,[]
1544,C-0266,[]
1545,C-0273,[]
1546,C-0284,[]
1547,C-0285,[]
1548,C-0296,[]
1549,C-0303,[]
1550,C-0320,[]
1551,C-0331,[]
1552,C-0367,[]
1553,C-0394,[]
1554,C-0401,[]
1555,C-0407,[]
1556,C-0447,[]
1557,C-0464,[]
1558,C-0501,[]
1559,C-0516,[]
1560,C-0526,[]
1561,C-0537,[]
1562,C-0565,[]
1563,C-0566,[]
1564,C-0567,[]
1565,C-0585,[]
1566,C-0598,[]
1567,C-0608,[]
1568,C-0615,[]
1569,C-0616,[]
1570,C-0625,[]
1571,C-0646,[]
1572,C-0688,[]
1573,C-0789,[]
1574,C-0802,[]
1575,C-0820,[]
1576,C-0821,[]
1577,C-0822,[]
1578,C-0839,[]
1579,C-0905,[]
1580,C-0910,[]
1581,C-0931,[]
1582,C-0943,[]
1583,C-0956,[]
1584,C-0963,[]
1585,C-0972,[]
1586,C-0999,[]
1587,C-1004,[]
1588,C-1006,[]
1589,C-1024,[]
1590,C-1069,[]
1591,C-1208,[]
1592,C-1239,[]
1593,C-1247,[]
1594,C-1255,[]
1595,C-1317,[]
1596,C-1327,[]
1597,C-1331,[]
1598,C-1333,[]
1599,C-1334,[]
1600,C-1335,[]
1601,C-1336,[]
1602,C-1337,[]
1603,C-1339,[]
1604,C-1345,[]
1605,C-1348,[]
1606,C-1349,[]
1607,C-1350,[]
1608,C-1362,[]
1609,C-1363,[]
1610,C-1378,[]
1611,C-1389,[]
1612,C-1404,[]
1613,C-1405,[]
1614,C-1409,[]
1615,C-1419,[]
1616,C-1428,[]
1617,C-1429,[]
1618,C-1432,[]
1619,C-1488,[]
1620,C-1500,[]
1621,C-1514,[]
1622,C-1527,[]
1623,C-1538,[]
1624,C-1539,[]
1625,C-1542,[]
1626,C-1565,[]
1627,C-1566,[]
1628,C-1575,[]
1629,C-1576,[]
1630,C-1585,[]
1631,C-1586,[]
1632,C-1587,[]
1633,C-1588,[]
1634,C-1589,[]
1635,C-1598,[]
1636,C-1599,[]
1637,C-1600,[]
1638,C-1601,[]
1639,C-1602,[]
1640,C-1603,[]
1641,C-1604,[]
1642,C-1605,[]
1643,C-1606,[]
1644,C-1607,[]
1645,C-1608,[]
1646,C-1609,[]
1647,C-1610,[]
1648,C-1611,[]
1649,C-1612,[]
1650,C-1613,[]
1651,C-1636,[]
1652,C-1681,[]
1653,C-1686,[]
1654,C-1726,[]
1655,C-1733,[]
1656,C-1744,[]
1657,C-1759,[]
1658,C-1769,[]
1659,C-1774,[]
1660,C-1782,[]
1661,C-1783,[]
1662,C-1786,[]
1663,C-1788,[]
1664,C-1803,[]
1665,C-1816,[]
1666,C-1819,[]
1667,C-1820,[]
1668,C-1821,[]
1669,C-1826,[]
1670,C-1829,[]
1671,C-1842,[]
1672,C-1853,[]
1673,C-1863,[]
1674,C-1872,[]
1675,C-1896,[]
1676,C-1899,[]
1677,C-1905,[]
1678,C-1931,[]
1679,C-1935,[]
1680,C-1948,[]
1681,C-1951,[]
1682,C-1989,[]
1683,C-1992,[]
1684,C-2010,[]
1685,C-2024,[]
1686,C-2031,[]
1687,C-0012,[]
1688,C-0014,[]
1689,C-0015,[]
1690,C-0019,[]
1691,C-0029,[]
1692,C-0036,[]
1693,C-0038,[]
1694,C-0046,[]
1695,C-0062,[]
1696,C-0079,[]
1697,C-0080,[]
1698,C-0081,[]
1699,C-0086,[]
1700,C-0093,[]
1701,C-0110,[]
1702,C-0115,[]
1703,C-0122,[]
1704,C-0131,[]
1705,C-0132,[]
1706,C-0137,[]
1707,C-0138,[]
1708,C-0141,[]
1709,C-0142,[]
1710,C-0146,[]
1711,C-0147,[]
1712,C-0150,[]
1713,C-0154,[]
1714,C-0156,[]
1715,C-0157,[]
1716,C-0158,[]
1717,C-0162,[]
1718,C-0166,[]
1719,C-0170,[]
1720,C-0172,[]
1721,C-0174,[]
1722,C-0190,[]
1723,C-0191,[]
1724,C-0193,[]
1725,C-0202,[]
1726,C-0205,[]
1727,C-0219,[]
1728,C-0220,[]
1729,C-0221,[]
1730,C-0229,[]
1731,C-0231,[]
1732,C-0237,[]
1733,C-0244,[]
1734,C-0246,[]
1735,C-0247,[]
1736,C-0250,[]
1737,C-0268,[]
1738,C-0275,[]
1739,C-0292,[]
1740,C-0295,[]
1741,C-0306,[]
1742,C-0325,[]
1743,C-0332,[]
1744,C-0333,[]
1745,C-0334,[]
1746,C-0335,[]
1747,C-0342,[]
1748,C-0343,[]
1749,C-0344,[]
1750,C-0359,[]
1751,C-0360,[]
1752,C-0362,[]
1753,C-0370,[]
1754,C-0380,[]
1755,C-0385,[]
1756,C-0392,[]
1757,C-0398,[]
1758,C-0400,[]
1759,C-0403,[]
1760,C-0406,[]
1761,C-0423,[]
1762,C-0434,[]
1763,C-0450,[]
1764,C-0451,[]
1765,C-0452,[]
1766,C-0453,[]
1767,C-0456,[]
1768,C-0457,[]
1769,C-0458,[]
1770,C-0459,[]
1771,C-0460,[]
1772,C-0461,[]
1773,C-0462,[]
1774,C-0463,[]
1775,C-0465,[]
1776,C-0466,[]
1777,C-0468,[]
1778,C-0471,[]
1779,C-0479,[]
1780,C-0480,[]
1781,C-0485,[]
1782,C-0492,[]
1783,C-0498,[]
1784,C-0500,[]
1785,C-0509,[]
1786,C-0510,[]
1787,C-0532,[]
1788,C-0538,[]
1789,C-0543,[]
1790,C-0546,[]
1791,C-0551,[]
1792,C-0554,[]
1793,C-0568,[]
1794,C-0573,[]
1795,C-0591,[]
1796,C-0599,[]
1797,C-0601,[]
1798,C-0602,[]
1799,C-0606,[]
1800,C-0612,[]
1801,C-0618,[]
1802,C-0619,[]
1803,C-0621,[]
1804,C-0622,[]
1805,C-0628,[]
1806,C-0632,[]
1807,C-0652,[]
1808,C-0653,[]
1809,C-0679,[]
1810,C-0698,[]
1811,C-0703,[]
1812,C-0709,[]
1813,C-0722,[]
1814,C-0732,[]
1815,C-0734,[]
1816,C-0737,[]
1817,C-0739,[]
1818,C-0741,[]
1819,C-0747,[]
1820,C-0748,[]
1821,C-0750,[]
1822,C-0761,[]
1823,C-0778,[]
1824,C-0782,[]
1825,C-0787,[]
1826,C-0792,[]
1827,C-0799,[]
1828,C-0808,[]
1829,C-0819,[]
1830,C-0829,[]
1831,C-0836,[]
1832,C-0840,[]
1833,C-0846,[]
1834,C-0850,[]
1835,C-0875,[]
1836,C-0880,[]
1837,C-0881,[]
1838,C-0894,[]
1839,C-0917,[]
1840,C-0927,[]
1841,C-0940,[]
1842,C-0941,[]
1843,C-0942,[]
1844,C-0944,[]
1845,C-0946,[]
1846,C-0959,[]
1847,C-0960,[]
1848,C-0961,[]
1849,C-0966,[]
1850,C-0970,[]
1851,C-0973,[]
1852,C-0976,[]
1853,C-0977,[]
1854,C-0978,[]
1855,C-0994,[]
1856,C-1005,[]
1857,C-1014,[]
1858,C-1066,[]
1859,C-1071,[]
1860,C-1113,[]
1861,C-1115,[]
1862,C-1145,[]
1863,C-1203,[]
1864,C-1207,[]
1865,C-1210,[]
1866,C-1212,[]
1867,C-1224,[]
1868,C-1234,[]
1869,C-1235,[]
1870,C-1236,[]
1871,C-1242,[]
1872,C-1245,[]
1873,C-1314,[]
1874,C-1315,[]
1875,C-1326,[]
1876,C-1328,[]
1877,C-1329,[]
1878,C-1342,[]
1879,C-1343,[]
1880,C-1344,[]
1881,C-1346,[]
1882,C-1347,[]
1883,C-1351,[]
1884,C-1352,[]
1885,C-1354,[]
1886,C-1357,[]
1887,C-1365,[]
1888,C-1368,[]
1889,C-1370,[]
1890,C-1373,[]
1891,C-1376,[]
1892,C-1390,[]
1893,C-1392,[]
1894,C-1394,[]
1895,C-1407,[]
1896,C-1408,[]
1897,C-1412,[]
1898,C-1413,[]
1899,C-1415,[]
1900,C-1418,[]
1901,C-1427,[]
1902,C-1430,[]
1903,C-1433,[]
1904,C-1434,[]
1905,C-1440,[]
1906,C-1444,[]
1907,C-1446,[]
1908,C-1447,[]
1909,C-1448,[]
1910,C-1449,[]
1911,C-1450,[]
1912,C-1451,[]
1913,C-1454,[]
1914,C-1455,[]
1915,C-1456,[]
1916,C-1457,[]
1917,C-1458,[]
1918,C-1459,[]
1919,C-1460,[]
1920,C-1461,[]
1921,C-1462,[]
1922,C-1463,[]
1923,C-1464,[]
1924,C-1465,[]
1925,C-1467,[]
1926,C-1471,[]
1927,C-1482,[]
1928,C-1484,[]
1929,C-1487,[]
1930,C-1492,[]
1931,C-1493,[]
1932,C-1494,[]
1933,C-1495,[]
1934,C-1501,[]
1935,C-1513,[]
1936,C-1518,[]
1937,C-1520,[]
1938,C-1534,[]
1939,C-1543,[]
1940,C-1544,[]
1941,C-1545,[]
1942,C-1549,[]
1943,C-1551,[]
1944,C-1552,[]
1945,C-1553,[]
1946,C-1555,[]
1947,C-1568,[]
1948,C-1590,[]
1949,C-1591,[]
1950,C-1592,[]
1951,C-1594,[]
1952,C-1614,[]
1953,C-1615,[]
1954,C-1616,[]
1955,C-1617,[]
1956,C-1665,[]
1957,C-1670,[]
1958,C-1673,[]
1959,C-1678,[]
1960,C-1680,[]
1961,C-1682,[]
1962,C-1683,[]
1963,C-1684,[]
1964,C-1685,[]
1965,C-1687,[]
1966,C-1705,[]
1967,C-1706,[]
1968,C-1711,[]
1969,C-1712,[]
1970,C-1713,[]
1971,C-1717,[]
1972,C-1719,[]
1973,C-1720,[]
1974,C-1721,[]
1975,C-1734,[]
1976,C-1736,[]
1977,C-1739,[]
1978,C-1740,[]
1979,C-1746,[]
1980,C-1747,[]
1981,C-1749,[]
1982,C-1750,[]
1983,C-1762,[]
1984,C-1763,[]
1985,C-1768,[]
1986,C-1770,[]
1987,C-1771,[]
1988,C-1772,[]
1989,C-1773,[]
1990,C-1775,[]
1991,C-1784,[]
1992,C-1785,[]
1993,C-1792,[]
1994,C-1795,[]
1995,C-1796,[]
1996,C-1798,[]
1997,C-1801,[]
1998,C-1804,[]
1999,C-1805,[]
2000,C-1806,[]
2001,C-1807,[]
2002,C-1811,[]
2003,C-1834,[]
2004,C-1843,[]
2005,C-1849,[]
2006,C-1854,[]
2007,C-1855,[]
2008,C-1880,[]
2009,C-1881,[]
2010,C-1882,[]
2011,C-1883,[]
2012,C-1884,[]
2013,C-1886,[]
2014,C-1887,[]
2015,C-1890,[]
2016,C-1893,[]
2017,C-1894,[]
2018,C-1895,[]
2019,C-1897,[]
2020,C-1900,[]
2021,C-1901,[]
2022,C-1904,[]
2023,C-1943,[]
2024,C-1946,[]
2025,C-1947,[]
2026,C-1953,[]
2027,C-1956,[]
2028,C-1958,[]
2029,C-1983,[]
2030,C-1986,[]
2031,C-1996,[]
2032,C-1997,[]
2033,C-1999,[]
2034,C-2000,[]
2035,C-2009,[]
2036,C-2015,[]
2037,C-2016,[]
2038,C-2017,[]
2039,C-2018,[]
2040,C-2019,[]
2041,C-2020,[]
2042,C-2021,[]
2043,C-2022,[]
2044,C-2023,[]
2045,C-2034,[]
2046,C-2043,[]
2047,C-2044,[]
